puzzle_id,fen,moves,rating,themes
000rO,3R4/8/8/KB2b3/1p6/1P2k3/3p4/8 b - - 0 58,e5c7 a5b4 c7d8,1110,fork
000rZ,2kr1b1r/p1p2pp1/2pqN3/7p/6n1/2NPB3/PPP2PPP/R2Q1RK1 b - - 0 13,d6h2,633,mateIn1
001KR,6k1/p1p3pp/4N3/1p6/2q1r1n1/2B5/PP4PP/3R1R1K w - - 0 29,f1f8,588,mateIn1
001Wz,6k1/5ppp/r1p5/p1n1rP2/8/2P2N1P/2P3P1/3R2K1 w - - 0 22,d1d8 e5e8 d8e8,1118,mateIn2
001gi,N6r/1p1k1ppp/2np4/b3p3/4P1b1/N1Q5/P4PPP/R3KB1R b KQ - 0 18,a5c3,819,hangingPiece mateIn1
001om,5r1k/pp4pp/5p2/1BbQp1r1/7K/7P/1PP3P1/3R3R b - - 3 26,c5f2 g2g3 f2g3,1018,mateIn2
001pC,r4rk1/pp3ppp/3b4/2p1pPB1/7N/2PP3n/PP4PP/R2Q2RK b - - 0 18,h3f2,870,mateIn1
001w5,1rb3k1/q4rP1/4p2p/3p3p/3P1P2/2P5/2QK3P/3R2R1 w - - 1 30,c2h7 g8h7 g7g8q,1034,mateIn2
001wb,r3k2r/pb1p1ppp/1b4q1/1Q2P3/8/2NP1PP1/PP4P1/R1B2R1K b kq - 0 17,g6h5,1071,mateIn1
001wr,r4rk1/p3ppbp/Pp1q1np1/3PpbB1/2B5/2N2P2/1PPQ2PP/3RR1K1 b - - 0 18,d6c5 g1h1 c5c4,1068,fork
001xl,8/4R3/p4kpp/3B4/5q2/8/5P1P/6K1 w - - 6 41,e7f7 f6e5 f7f4,1131,skewer
002CP,r5k1/pp4pp/4p1q1/4p3/3n4/P3Q1P1/1PP4P/2KR1R2 b - - 5 24,g6c2,925,mateIn1
002GQ,5rk1/5ppp/4p3/4N3/8/1Pn5/5PPP/2R3K1 b - - 1 28,c3e2 g1f1 e2c1,654,fork
002HE,1qr2rk1/1p1p1ppp/pB2p1n1/7n/2P1P3/1Q2NP1P/PP2BKPb/3R1R2 b - - 2 20,b8g3,1116,mateIn1
002IE,r3brk1/5pp1/p2qpn1p/P2pn3/2pP4/2P1PN2/5PPP/RB1QK2R w KQ - 0 17,d4e5 d6e7 e5f6,1229,fork
002Mm,rn1qrk2/ppp3pQ/3p1pP1/3Pp3/2P1P3/8/PP3PP1/R1B1K3 w Q - 3 17,h7h8 f8e7 h8g7,921,mateIn2
002Q2,7k/p4R1p/3p3B/2pN1n2/2PbB1b1/3P2P1/P3r3/5R1K b - - 0 28,f5g3,911,mateIn1
002X3,6k1/2q2p1p/4pPp1/4P3/p1pP1P2/r1P5/6QP/4B1K1 w - - 0 34,g2a8 c7b8 a8b8,970,mateIn2
002Z9,4r1k1/1p2R1p1/p2p2Pp/P1pP4/8/1R3p2/1P1q3P/5B1K w - - 0 35,e7e8,1231,hangingPiece mateIn1
002bK,8/7p/4k3/pb1p1pPB/1n1P3P/N1p1P3/4K3/8 w - - 2 43,a3b5 c3c2 e2d2,1113,hangingPiece
002p5,r1bqr1k1/pp1nbpp1/2p5/3n2P1/2BP4/P7/1PQNNPP1/R3K2R w KQ - 1 14,c2h7 g8f8 h7h8,908,mateIn2
002vV,8/6k1/1R5p/5p1P/5P1K/6P1/8/r7 b - - 3 58,a1h1,564,mateIn1
0030b,6k1/5ppp/5n2/pp6/4b1rP/5N1Q/Pq2r1P1/3R2RK w - - 5 33,d1d8 f6e8 d8e8,538,mateIn2
003Jb,6k1/Q2bqr1p/2rpp1pR/p7/Pp2P3/1B3P2/1PP3P1/2KR4 b - - 7 22,e7g5 c1b1 g5h6,993,fork
003jb,r3kb1r/p4ppp/b3p3/2pq4/3Q4/4BN2/PPP2PPP/R3K2R w KQkq - 0 12,d4a4 a6b5 a4b5,961,fork
003jv,7R/1p2k2p/p2n2p1/4K3/8/6P1/P6P/8 b - - 11 37,d6f7 e5e4 f7h8,1006,fork
003nQ,6rk/pp6/2n5/3ppn1p/3p4/2P2P1q/PP3QNB/R5RK b - - 3 29,f5g3 f2g3 g8g3,1286,pin
003o0,r1bqk2r/pp1nbppp/3p4/1B1p4/3P1B2/5N2/PPP2PPP/R2QK2R b KQkq - 3 9,d8a5 d1d2 a5b5,1002,fork
003r5,r2qr1k1/ppp2ppp/4P3/8/1nP2Q2/2N2N1P/PP3KP1/R4R2 b - - 0 15,b4d3 f2g1 d3f4,1107,fork
0042j,3r2k1/4nppp/pq3b2/1p2p3/2r2P2/2P1NR2/PP1Q2BP/3R2K1 w - - 0 25,d2d8 b6d8 d1d8,551,mateIn2
004X6,1r4k1/p4ppp/2Q5/3pq3/8/P6P/2PR1PP1/1R4K1 b - - 0 26,b8b1 d2d1 b1d1,1152,mateIn2
004XI,8/3k1p2/4p3/p2p4/3P1P2/q3P1rP/7r/1QR2K2 w - - 2 35,b1b7 d7e8 c1c8,982,mateIn2
004nd,3q2k1/3r4/pp3p1Q/2b1n3/P3N3/2P5/1P4PP/R6K w - - 1 25,e4f6 d8f6 h6f6,898,fork
006OI,6R1/p7/5k2/P7/6KP/8/8/5r2 b - - 6 53,f1g1 g4f4 g1g8,843,skewer
006yP,6R1/8/Kpk1p3/1p1pP3/6P1/PPr5/8/8 w - - 0 41,g8c8 c6d7 c8c3,819,skewer
0071K,3N1r2/R7/kp6/p2pPp1Q/2pP2P1/2q5/2P5/2K5 b - - 1 38,a6a7 h5h7 a7a6,1125,hangingPiece
008Y3,r5k1/1p1r1pp1/p3pnp1/2qN4/8/1Q5P/PP3PP1/3RR1K1 w - - 0 25,d5f6 g7f6 d1d7,1055,discoveredAttack
00AB1,8/7Q/3p1kp1/1p6/2b5/2q4P/5PPK/8 w - - 0 37,h7h8 f6e6 h8c3,1128,skewer
00DEc,8/p5pk/1p3b1p/3r3P/6P1/3nBN2/P4PK1/3R4 b - - 4 30,d3f4 e3f4 d5d1,1091,discoveredAttack
00Dt6,5rk1/p4p1p/4p1p1/5nq1/8/5QPP/5PK1/1R1R4 b - - 7 35,f5h4 g2f1 h4f3,1204,pin
00E29,r1b2rk1/4bppp/p1n5/3q4/Pp6/3B1N2/1B3PPP/R2Q1RK1 w - - 0 18,d3h7 g8h7 d1d5,953,discoveredAttack
00EoE,r1b5/ppr2k1p/5p2/5p2/8/2P3P1/P4PP1/4RK1R w - - 2 24,h1h7 f7g6 h7c7,974,skewer
00Er4,r3k2r/p1bN2pp/2p1Rp2/3p3b/3P1q2/2N4P/PPPQ1PP1/R5K1 b kq - 0 16,e8d7 d2f4 c7f4,1269,hangingPiece
00F1l,8/2k1b3/5p2/RBpK1Pp1/P2p2P1/1p1P4/2r5/8 w - - 0 46,a5a7 c7b8 a7e7,836,skewer
00Gt0,R7/4k3/5p2/3p2p1/4b2p/2K1PP1P/6P1/8 b - - 0 47,d5d4 c3d4 e4a8,1052,discoveredAttack
00IF1,1k6/p1p5/P2p4/3P4/1PK2r1p/4P3/8/4B3 w - - 0 58,e3f4 h4h3 e1g3,1266,hangingPiece
00KMV,1r3k2/1p1q1p2/p2p2p1/2pP2bp/2P1n1n1/1PQ3P1/P3N1K1/3N1R1R w - - 0 29,c3h8 f8e7 h8b8,943,skewer
00KOz,8/r4k2/7R/3n1PK1/8/8/8/8 w - - 4 57,h6h7 f7f8 h7a7,960,skewer
00LI0,r2qk2r/pp1n1ppp/4pn2/3N2B1/1b1P4/4QN1P/PPb1BPP1/R4RK1 b kq - 0 12,f6d5 g5d8 d5e3,1289,hangingPiece
00O37,r1q1r1k1/1p3pp1/n1p4p/p2pp2P/P3P3/2P2P2/1P1QBb2/R1BK3R w - - 0 24,e2a6 b7a6 d2f2,1300,discoveredAttack
00PrK,8/7R/r3k3/4p2p/3b2p1/3K4/8/5R2 w - - 0 56,h7h6 e6d5 h6a6,968,skewer
00Q4v,8/2p1b3/q1Pp2k1/3Pp3/4Pr2/1Q3PK1/3N2P1/4R3 b - - 2 47,e7h4 g3h2 h4e1,1228,skewer
00R2A,2kr1b1R/p5p1/8/3P1p2/2P5/4B3/PP1K1P2/8 b - - 0 25,f8b4 d2d3 d8h8,912,discoveredAttack
00Tdk,r6r/4kppp/2pNpnq1/p1P1n3/8/B3P3/PP1Q1PPP/3R1RK1 b - - 8 20,e5f3 g1h1 f3d2,1028,pin
00UHZ,6k1/6p1/pp2np1p/8/2r1NR1P/6P1/1PP5/1K6 w - - 2 33,e4f6 g7f6 f4c4,1071,discoveredAttack
00XL2,2kr3r/ppp3pp/6q1/3Pnp2/1PPQp3/7P/P3NPP1/R4RK1 b - - 2 17,e5f3 g1h1 f3d4,928,pin
00cy1,2rknb2/3q1pp1/p1pP3r/1pQ1P3/5P1p/1P4P1/PB4K1/3R4 w - - 0 28,c5b6 e8c7 d6c7,1202,pin
00f1Y,2r5/p2n1pkp/4p1p1/2Np4/1r6/1P1K1P1P/P3R1P1/2R5 w - - 6 37,c5e6 f7e6 c1c8,1197,discoveredAttack
00hbV,8/pk1r2R1/1p2b3/8/2P2N2/1P6/1K6/8 w - - 22 61,f4e6 d7g7 e6g7,943,hangingPiece
00mvP,r1b2k1r/pppp2pp/5q2/4n3/2BQ4/8/PPP2PPP/RN2R1K1 b - - 0 13,e5f3 g2f3 f6d4,1186,discoveredAttack
